<?xml version="1.0" encoding="utf-8"?>
<languagecodes>
  <language code="aar" name="afar" TwoLetterISOLangCode="_none" />
  <language code="abk" name="abkhazian" TwoLetterISOLangCode="_none" />
  <language code="ace" name="achinesisk" TwoLetterISOLangCode="_none" />
  <language code="ach" name="acoli" TwoLetterISOLangCode="_none" />
  <language code="ada" name="adangme" TwoLetterISOLangCode="_none" />
  <language code="afa" name="afro-asiatiske sprog (øvrige)" TwoLetterISOLangCode="_none" />
  <language code="afh" name="afrihili" TwoLetterISOLangCode="_none" />
  <language code="afr" name="afrikaans" TwoLetterISOLangCode="af" />
  <language code="aka" name="akan" TwoLetterISOLangCode="_none" />
  <language code="akk" name="akkadisk" TwoLetterISOLangCode="_none" />
  <language code="alb" name="albansk" TwoLetterISOLangCode="sq" />
  <language code="sqi" name="albansk" TwoLetterISOLangCode="sq" />
  <language code="ale" name="aleutiske sprog" TwoLetterISOLangCode="_none" />
  <language code="alg" name="algonkiske sprog" TwoLetterISOLangCode="_none" />
  <language code="amh" name="amharisk" TwoLetterISOLangCode="_none" />
  <language code="ang" name="angelsaksisk" TwoLetterISOLangCode="_none" />
  <language code="apa" name="apache sprog" TwoLetterISOLangCode="_none" />
  <language code="ara" name="arabisk" TwoLetterISOLangCode="ar" />
  <language code="arc" name="aramæisk" TwoLetterISOLangCode="_none" />
  <language code="arm" name="armensk" TwoLetterISOLangCode="hy" />
  <language code="hye" name="armensk" TwoLetterISOLangCode="hy" />
  <language code="arn" name="araukansk" TwoLetterISOLangCode="_none" />
  <language code="arp" name="arapaho" TwoLetterISOLangCode="_none" />
  <language code="art" name="kunstsprog (øvrige)" TwoLetterISOLangCode="_none" />
  <language code="arw" name="arawak" TwoLetterISOLangCode="_none" />
  <language code="asm" name="assamesisk" TwoLetterISOLangCode="_none" />
  <language code="ath" name="athapascan languages" TwoLetterISOLangCode="_none" />
  <language code="aus" name="australske sprog" TwoLetterISOLangCode="_none" />
  <language code="ava" name="avarisk" TwoLetterISOLangCode="_none" />
  <language code="ave" name="avestisk" TwoLetterISOLangCode="_none" />
  <language code="awa" name="awadhi" TwoLetterISOLangCode="_none" />
  <language code="aym" name="aymará" TwoLetterISOLangCode="_none" />
  <language code="aze" name="aserbajdsjansk" TwoLetterISOLangCode="az" />
  <language code="bad" name="banda" TwoLetterISOLangCode="_none" />
  <language code="bai" name="bamileke languages" TwoLetterISOLangCode="_none" />
  <language code="bak" name="bajkirsk" TwoLetterISOLangCode="_none" />
  <language code="bal" name="baluchi" TwoLetterISOLangCode="_none" />
  <language code="bam" name="bambara" TwoLetterISOLangCode="_none" />
  <language code="ban" name="balinesisk" TwoLetterISOLangCode="_none" />
  <language code="baq" name="baskisk" TwoLetterISOLangCode="et" />
  <language code="eus" name="baskisk" TwoLetterISOLangCode="et" />
  <language code="bas" name="basa" TwoLetterISOLangCode="_none" />
  <language code="bat" name="baltiske sprog (øvrige)" TwoLetterISOLangCode="_none" />
  <language code="bej" name="beja" TwoLetterISOLangCode="_none" />
  <language code="bel" name="hviderussisk" TwoLetterISOLangCode="be" />
  <language code="bem" name="bemba" TwoLetterISOLangCode="_none" />
  <language code="ben" name="bengali" TwoLetterISOLangCode="_none" />
  <language code="ber" name="berberiske sprog" TwoLetterISOLangCode="_none" />
  <language code="bho" name="bhojpuri" TwoLetterISOLangCode="_none" />
  <language code="bih" name="bihari" TwoLetterISOLangCode="_none" />
  <language code="bik" name="bikol" TwoLetterISOLangCode="_none" />
  <language code="bin" name="bini" TwoLetterISOLangCode="_none" />
  <language code="bis" name="bislama" TwoLetterISOLangCode="_none" />
  <language code="bla" name="siksika" TwoLetterISOLangCode="_none" />
  <language code="bnt" name="bantu (øvrige)" TwoLetterISOLangCode="_none" />
  <language code="bos" name="bosnisk" TwoLetterISOLangCode="_none" />
  <language code="bra" name="braj" TwoLetterISOLangCode="_none" />
  <language code="bre" name="bretonsk" TwoLetterISOLangCode="_none" />
  <language code="btk" name="batak" TwoLetterISOLangCode="_none" />
  <language code="bua" name="buriat" TwoLetterISOLangCode="_none" />
  <language code="bug" name="buginesisk" TwoLetterISOLangCode="_none" />
  <language code="bul" name="bulgarsk" TwoLetterISOLangCode="bg" />
  <language code="bur" name="burmesisk" TwoLetterISOLangCode="_none" />
  <language code="cad" name="caddo" TwoLetterISOLangCode="_none" />
  <language code="cai" name="mellemamerikanske indianske sprog (øvrige)" TwoLetterISOLangCode="_none" />
  <language code="car" name="caribisk" TwoLetterISOLangCode="_none" />
  <language code="cat" name="catalansk" TwoLetterISOLangCode="ca" />
  <language code="cau" name="kaukasiske sprog (øvrige)" TwoLetterISOLangCode="_none" />
  <language code="ceb" name="cebuano" TwoLetterISOLangCode="_none" />
  <language code="cel" name="keltiske sprog (øvrige)" TwoLetterISOLangCode="_none" />
  <language code="cha" name="chamorro" TwoLetterISOLangCode="_none" />
  <language code="chb" name="chibcha" TwoLetterISOLangCode="_none" />
  <language code="che" name="tjetjensk" TwoLetterISOLangCode="_none" />
  <language code="chg" name="chagatai" TwoLetterISOLangCode="_none" />
  <language code="chi" name="kinesisk" TwoLetterISOLangCode="zh" />
  <language code="zho" name="kinesisk" TwoLetterISOLangCode="zh" />
  <language code="chk" name="chuukese" TwoLetterISOLangCode="_none" />
  <language code="chm" name="mari" TwoLetterISOLangCode="_none" />
  <language code="chn" name="chinook" TwoLetterISOLangCode="_none" />
  <language code="cho" name="choctaw" TwoLetterISOLangCode="_none" />
  <language code="chp" name="chipewyan" TwoLetterISOLangCode="_none" />
  <language code="chr" name="cherokee" TwoLetterISOLangCode="_none" />
  <language code="chu" name="kirkeslavisk" TwoLetterISOLangCode="_none" />
  <language code="chv" name="tjuvasisk" TwoLetterISOLangCode="_none" />
  <language code="chy" name="cheyenne" TwoLetterISOLangCode="_none" />
  <language code="cmc" name="chamik sprog" TwoLetterISOLangCode="_none" />
  <language code="cop" name="koptisk" TwoLetterISOLangCode="_none" />
  <language code="cor" name="cornisk" TwoLetterISOLangCode="_none" />
  <language code="cos" name="korsikansk" TwoLetterISOLangCode="_none" />
  <language code="cpe" name="kreolsk og Pidgin, baseret på engelsk(øvrige)" TwoLetterISOLangCode="_none" />
  <language code="cpf" name="kreolsk og Pidgin, baseret på fransk (øvrige)" TwoLetterISOLangCode="_none" />
  <language code="cpp" name="kreolsk og Pidgin, baseret på portugisisk (øvrige)" TwoLetterISOLangCode="_none" />
  <language code="cre" name="cree" TwoLetterISOLangCode="_none" />
  <language code="crp" name="kreolsk og Pidgin (øvrige)" TwoLetterISOLangCode="_none" />
  <language code="cus" name="kusjitiske sprog (øvrige)" TwoLetterISOLangCode="_none" />
  <language code="cze" name="tjekkisk" TwoLetterISOLangCode="cs" />
  <language code="ces" name="tjekkisk" TwoLetterISOLangCode="cs" />
  <language code="dak" name="dakota" TwoLetterISOLangCode="_none" />
  <language code="dan" name="dansk" TwoLetterISOLangCode="da" />
  <language code="day" name="dayak" TwoLetterISOLangCode="_none" />
  <language code="del" name="delaware" TwoLetterISOLangCode="_none" />
  <language code="den" name="slave (Athapascan)" TwoLetterISOLangCode="_none" />
  <language code="dgr" name="dogrib" TwoLetterISOLangCode="_none" />
  <language code="din" name="dinka" TwoLetterISOLangCode="_none" />
  <language code="div" name="divehi" TwoLetterISOLangCode="dv" />
  <language code="doi" name="dogri" TwoLetterISOLangCode="_none" />
  <language code="dra" name="dravidiske sprog (øvrige)" TwoLetterISOLangCode="_none" />
  <language code="dua" name="duala" TwoLetterISOLangCode="_none" />
  <language code="dum" name="hollandsk (ca. 1050-1350)" TwoLetterISOLangCode="_none" />
  <language code="dut" name="hollandsk" TwoLetterISOLangCode="nl" />
  <language code="nld" name="hollandsk" TwoLetterISOLangCode="nl" />
  <language code="dyu" name="dyula" TwoLetterISOLangCode="_none" />
  <language code="dzo" name="dzongkha" TwoLetterISOLangCode="_none" />
  <language code="efi" name="efik" TwoLetterISOLangCode="_none" />
  <language code="egy" name="egyptisk" TwoLetterISOLangCode="_none" />
  <language code="eka" name="ekajuk" TwoLetterISOLangCode="_none" />
  <language code="elx" name="elamitisk" TwoLetterISOLangCode="_none" />
  <language code="eng" name="engelsk" TwoLetterISOLangCode="en" />
  <language code="enm" name="engelsk, Middel- (ca. 1100-1500)" TwoLetterISOLangCode="_none" />
  <language code="epo" name="eperanto" TwoLetterISOLangCode="_none" />
  <language code="est" name="estisk" TwoLetterISOLangCode="et" />
  <language code="ewe" name="ewe" TwoLetterISOLangCode="_none" />
  <language code="ewo" name="ewondo" TwoLetterISOLangCode="_none" />
  <language code="fan" name="fang" TwoLetterISOLangCode="_none" />
  <language code="fao" name="færøsk" TwoLetterISOLangCode="fo" />
  <language code="fat" name="fanti" TwoLetterISOLangCode="_none" />
  <language code="fij" name="fijian" TwoLetterISOLangCode="_none" />
  <language code="fin" name="finsk" TwoLetterISOLangCode="fi" />
  <language code="fiu" name="finsk-ugriske sprog (øvrige)" TwoLetterISOLangCode="_none" />
  <language code="fon" name="fon" TwoLetterISOLangCode="_none" />
  <language code="fra" name="fransk" TwoLetterISOLangCode="fr" />
  <language code="fre" name="fransk" TwoLetterISOLangCode="fr" />
  <language code="frm" name="fransk, Middel- (ca. 1400-1600)" TwoLetterISOLangCode="_none" />
  <language code="fro" name="fransk, Old- (ca. 842-1400)" TwoLetterISOLangCode="_none" />
  <language code="fry" name="frisisk" TwoLetterISOLangCode="_none" />
  <language code="ful" name="fulah" TwoLetterISOLangCode="_none" />
  <language code="fur" name="friulian" TwoLetterISOLangCode="_none" />
  <language code="gaa" name="ga" TwoLetterISOLangCode="_none" />
  <language code="gay" name="gayo" TwoLetterISOLangCode="_none" />
  <language code="gba" name="gbaya" TwoLetterISOLangCode="_none" />
  <language code="gem" name="germanske sprog (øvrige)" TwoLetterISOLangCode="_none" />
  <language code="geo" name="georgisk" TwoLetterISOLangCode="ka" />
  <language code="kat" name="georgisk" TwoLetterISOLangCode="ka" />
  <language code="deu" name="tysk" TwoLetterISOLangCode="de" />
  <language code="ger" name="tysk" TwoLetterISOLangCode="de" />
  <language code="gez" name="geez" TwoLetterISOLangCode="_none" />
  <language code="gil" name="gilbertesisk" TwoLetterISOLangCode="_none" />
  <language code="gla" name="gælisk (skotsk)" TwoLetterISOLangCode="_none" />
  <language code="gle" name="irsk" TwoLetterISOLangCode="_none" />
  <language code="glg" name="galisisk" TwoLetterISOLangCode="gl" />
  <language code="goh" name="tysk, Oldhøj- (ca. 750-1050)" TwoLetterISOLangCode="_none" />
  <language code="gon" name="gondi" TwoLetterISOLangCode="_none" />
  <language code="gor" name="gorontalo" TwoLetterISOLangCode="_none" />
  <language code="got" name="gotisk" TwoLetterISOLangCode="_none" />
  <language code="grb" name="grebo" TwoLetterISOLangCode="_none" />
  <language code="grc" name="oldgræsk" TwoLetterISOLangCode="_none" />
  <language code="ell" name="græsk" TwoLetterISOLangCode="el" />
  <language code="gre" name="græsk" TwoLetterISOLangCode="el" />
  <language code="grn" name="guarani" TwoLetterISOLangCode="_none" />
  <language code="guj" name="gujarati" TwoLetterISOLangCode="gu" />
  <language code="gwi" name="gwich'in" TwoLetterISOLangCode="_none" />
  <language code="hai" name="haida" TwoLetterISOLangCode="_none" />
  <language code="hau" name="hausa" TwoLetterISOLangCode="_none" />
  <language code="haw" name="hawaiiansk" TwoLetterISOLangCode="_none" />
  <language code="heb" name="hebraisk" TwoLetterISOLangCode="he" />
  <language code="her" name="herero" TwoLetterISOLangCode="_none" />
  <language code="hil" name="hiligaynon" TwoLetterISOLangCode="_none" />
  <language code="him" name="himachali" TwoLetterISOLangCode="_none" />
  <language code="hin" name="hindi" TwoLetterISOLangCode="hi" />
  <language code="hit" name="hittitisk" TwoLetterISOLangCode="_none" />
  <language code="hmo" name="hiri Motu" TwoLetterISOLangCode="_none" />
  <language code="hun" name="ungarsk" TwoLetterISOLangCode="hu" />
  <language code="hup" name="hupa" TwoLetterISOLangCode="_none" />
  <language code="iba" name="iban" TwoLetterISOLangCode="_none" />
  <language code="ibo" name="igbo" TwoLetterISOLangCode="_none" />
  <language code="ice" name="islandsk" TwoLetterISOLangCode="is" />
  <language code="isl" name="islandsk" TwoLetterISOLangCode="is" />
  <language code="ijo" name="ijo" TwoLetterISOLangCode="_none" />
  <language code="iku" name="inuktitut" TwoLetterISOLangCode="_none" />
  <language code="ile" name="interlingue" TwoLetterISOLangCode="_none" />
  <language code="ina" name="interlingua" TwoLetterISOLangCode="_none" />
  <language code="inc" name="indiske sprog (øvrige)" TwoLetterISOLangCode="_none" />
  <language code="ind" name="indonesisk" TwoLetterISOLangCode="id" />
  <language code="ine" name="indoeuropæiske sprog (øvrige)" TwoLetterISOLangCode="_none" />
  <language code="ipk" name="inupiaq" TwoLetterISOLangCode="_none" />
  <language code="ira" name="iranske sprog (øvrige)" TwoLetterISOLangCode="_none" />
  <language code="iro" name="irokesiske sprog" TwoLetterISOLangCode="_none" />
  <language code="ita" name="italiensk" TwoLetterISOLangCode="it" />
  <language code="jav" name="javanesisk" TwoLetterISOLangCode="_none" />
  <language code="jpn" name="japansk" TwoLetterISOLangCode="ja" />
  <language code="jpr" name="jødisk-persisk" TwoLetterISOLangCode="_none" />
  <language code="jrb" name="jødisk-arabisk" TwoLetterISOLangCode="_none" />
  <language code="kaa" name="karakalpakisk" TwoLetterISOLangCode="_none" />
  <language code="kab" name="kabyle" TwoLetterISOLangCode="_none" />
  <language code="kac" name="kachin" TwoLetterISOLangCode="_none" />
  <language code="kal" name="kalaallisut" TwoLetterISOLangCode="_none" />
  <language code="kan" name="kannada" TwoLetterISOLangCode="kn" />
  <language code="kar" name="karen" TwoLetterISOLangCode="_none" />
  <language code="kas" name="kashmiri" TwoLetterISOLangCode="_none" />
  <language code="kau" name="kanuri" TwoLetterISOLangCode="_none" />
  <language code="kaw" name="kawi" TwoLetterISOLangCode="_none" />
  <language code="kaz" name="kasakhisk" TwoLetterISOLangCode="kk" />
  <language code="kha" name="khasi" TwoLetterISOLangCode="_none" />
  <language code="khi" name="khoisan (øvrige)" TwoLetterISOLangCode="_none" />
  <language code="khm" name="khmer" TwoLetterISOLangCode="_none" />
  <language code="kik" name="kikuyu" TwoLetterISOLangCode="_none" />
  <language code="kin" name="kinyarwanda" TwoLetterISOLangCode="_none" />
  <language code="kir" name="kirgisisk" TwoLetterISOLangCode="ky" />
  <language code="kmb" name="kimbundu" TwoLetterISOLangCode="_none" />
  <language code="kok" name="konkani" TwoLetterISOLangCode="kok" />
  <language code="kom" name="komi" TwoLetterISOLangCode="_none" />
  <language code="kon" name="kongo" TwoLetterISOLangCode="_none" />
  <language code="kor" name="koreansk" TwoLetterISOLangCode="ko" />
  <language code="kos" name="kosraean" TwoLetterISOLangCode="_none" />
  <language code="kpe" name="kpelle" TwoLetterISOLangCode="_none" />
  <language code="kro" name="kru" TwoLetterISOLangCode="_none" />
  <language code="kru" name="kurukh" TwoLetterISOLangCode="_none" />
  <language code="kua" name="kuanyama" TwoLetterISOLangCode="_none" />
  <language code="kum" name="kumyk" TwoLetterISOLangCode="_none" />
  <language code="kur" name="kurdisk" TwoLetterISOLangCode="_none" />
  <language code="kut" name="kutenai" TwoLetterISOLangCode="_none" />
  <language code="lad" name="ladino" TwoLetterISOLangCode="_none" />
  <language code="lah" name="lahnda" TwoLetterISOLangCode="_none" />
  <language code="lam" name="lamba" TwoLetterISOLangCode="_none" />
  <language code="lao" name="laotisk" TwoLetterISOLangCode="_none" />
  <language code="lat" name="latin" TwoLetterISOLangCode="_none" />
  <language code="lav" name="lettisk" TwoLetterISOLangCode="lv" />
  <language code="lez" name="lezghian" TwoLetterISOLangCode="_none" />
  <language code="lin" name="lingala" TwoLetterISOLangCode="_none" />
  <language code="lit" name="litauisk" TwoLetterISOLangCode="lt" />
  <language code="lol" name="mongo" TwoLetterISOLangCode="_none" />
  <language code="loz" name="lozi" TwoLetterISOLangCode="_none" />
  <language code="ltz" name="letzeburgesch" TwoLetterISOLangCode="_none" />
  <language code="lua" name="luba-Lulua" TwoLetterISOLangCode="_none" />
  <language code="lub" name="luba-Katanga" TwoLetterISOLangCode="_none" />
  <language code="lug" name="luganda" TwoLetterISOLangCode="_none" />
  <language code="lui" name="luiseño" TwoLetterISOLangCode="_none" />
  <language code="lun" name="lunda" TwoLetterISOLangCode="_none" />
  <language code="luo" name="luo (Kenya og Tanzania)" TwoLetterISOLangCode="_none" />
  <language code="lus" name="lushai" TwoLetterISOLangCode="_none" />
  <language code="mac" name="makedonsk" TwoLetterISOLangCode="mk" />
  <language code="mkd" name="makedonsk" TwoLetterISOLangCode="mk" />
  <language code="mad" name="madurese" TwoLetterISOLangCode="_none" />
  <language code="mag" name="magahi" TwoLetterISOLangCode="_none" />
  <language code="mah" name="marshall" TwoLetterISOLangCode="_none" />
  <language code="mai" name="maithili" TwoLetterISOLangCode="_none" />
  <language code="mak" name="makasar" TwoLetterISOLangCode="_none" />
  <language code="mal" name="malayalam" TwoLetterISOLangCode="_none" />
  <language code="man" name="mandingo" TwoLetterISOLangCode="_none" />
  <language code="mao" name="maori" TwoLetterISOLangCode="_none" />
  <language code="map" name="malajo-polynesiske sprog (øvrige)" TwoLetterISOLangCode="_none" />
  <language code="mar" name="marathi" TwoLetterISOLangCode="mr" />
  <language code="mas" name="masai" TwoLetterISOLangCode="_none" />
  <language code="may" name="malajisk" TwoLetterISOLangCode="ms" />
  <language code="msa" name="malajisk" TwoLetterISOLangCode="ms" />
  <language code="mdr" name="mandar" TwoLetterISOLangCode="_none" />
  <language code="men" name="mende" TwoLetterISOLangCode="_none" />
  <language code="mga" name="irsk, Middel- (900-1200)" TwoLetterISOLangCode="_none" />
  <language code="mic" name="micmac" TwoLetterISOLangCode="_none" />
  <language code="min" name="minangkabau" TwoLetterISOLangCode="_none" />
  <language code="mis" name="miscellaneous (øvrige)" TwoLetterISOLangCode="_none" />
  <language code="mkh" name="mon-khmer (øvrige)" TwoLetterISOLangCode="_none" />
  <language code="mlg" name="malagasy" TwoLetterISOLangCode="_none" />
  <language code="mlt" name="maltesisk" TwoLetterISOLangCode="_none" />
  <language code="mni" name="manipuri" TwoLetterISOLangCode="_none" />
  <language code="mno" name="manobo languages" TwoLetterISOLangCode="_none" />
  <language code="moh" name="mohawk" TwoLetterISOLangCode="_none" />
  <language code="mol" name="moldovisk" TwoLetterISOLangCode="_none" />
  <language code="mon" name="mongolsk" TwoLetterISOLangCode="mn" />
  <language code="mos" name="mossi" TwoLetterISOLangCode="_none" />
  <language code="mul" name="flere sprog" TwoLetterISOLangCode="_none" />
  <language code="mun" name="munda (øvrige)" TwoLetterISOLangCode="_none" />
  <language code="mus" name="muskogee" TwoLetterISOLangCode="_none" />
  <language code="mwr" name="marwari" TwoLetterISOLangCode="_none" />
  <language code="myn" name="maya sprog" TwoLetterISOLangCode="_none" />
  <language code="nah" name="nahuatl" TwoLetterISOLangCode="_none" />
  <language code="nai" name="nordamerikanske indianske sprog (øvrige)" TwoLetterISOLangCode="_none" />
  <language code="nau" name="nauru" TwoLetterISOLangCode="_none" />
  <language code="nav" name="navaho" TwoLetterISOLangCode="_none" />
  <language code="nbl" name="ndebele, Syd" TwoLetterISOLangCode="_none" />
  <language code="nde" name="ndebele, Nord" TwoLetterISOLangCode="_none" />
  <language code="ndo" name="ndonga" TwoLetterISOLangCode="_none" />
  <language code="nep" name="nepalesisk" TwoLetterISOLangCode="_none" />
  <language code="new" name="newari" TwoLetterISOLangCode="_none" />
  <language code="nia" name="nias" TwoLetterISOLangCode="_none" />
  <language code="nic" name="niger-Congo sprog (øvrige)" TwoLetterISOLangCode="_none" />
  <language code="niu" name="niuean" TwoLetterISOLangCode="_none" />
  <language code="non" name="islandsk, Old-" TwoLetterISOLangCode="_none" />
  <language code="nor" name="norsk" TwoLetterISOLangCode="no" />
  <language code="nso" name="sotho, Nord" TwoLetterISOLangCode="_none" />
  <language code="nub" name="nubiske sprog" TwoLetterISOLangCode="_none" />
  <language code="nya" name="nyanja" TwoLetterISOLangCode="_none" />
  <language code="nym" name="nyamwezi" TwoLetterISOLangCode="_none" />
  <language code="nyn" name="nyankole" TwoLetterISOLangCode="_none" />
  <language code="nyo" name="nyoro sprog" TwoLetterISOLangCode="_none" />
  <language code="nzi" name="nzima" TwoLetterISOLangCode="_none" />
  <language code="oci" name="occitansk (efter 1500)" TwoLetterISOLangCode="_none" />
  <language code="oji" name="ojibwa" TwoLetterISOLangCode="_none" />
  <language code="ori" name="orija" TwoLetterISOLangCode="_none" />
  <language code="orm" name="oromo" TwoLetterISOLangCode="_none" />
  <language code="osa" name="osage" TwoLetterISOLangCode="_none" />
  <language code="oss" name="ossetisk" TwoLetterISOLangCode="_none" />
  <language code="ota" name="osmannisk (1500-1928)" TwoLetterISOLangCode="_none" />
  <language code="oto" name="otomi sprog" TwoLetterISOLangCode="_none" />
  <language code="paa" name="papua-australske sprog (øvrige)" TwoLetterISOLangCode="_none" />
  <language code="pag" name="pangasinan" TwoLetterISOLangCode="_none" />
  <language code="pal" name="pahlavi" TwoLetterISOLangCode="_none" />
  <language code="pam" name="pampanga" TwoLetterISOLangCode="_none" />
  <language code="pan" name="panjabi" TwoLetterISOLangCode="pa" />
  <language code="pap" name="papiamento" TwoLetterISOLangCode="_none" />
  <language code="pau" name="paluansk" TwoLetterISOLangCode="_none" />
  <language code="peo" name="persisk, Old- (ca. 600-400 f. Kr.)" TwoLetterISOLangCode="_none" />
  <language code="fas" name="persisk" TwoLetterISOLangCode="fa" />
  <language code="per" name="persisk" TwoLetterISOLangCode="fa" />
  <language code="phi" name="filippinske sprog (øvrige)" TwoLetterISOLangCode="_none" />
  <language code="phn" name="fønikisk" TwoLetterISOLangCode="_none" />
  <language code="pli" name="pali" TwoLetterISOLangCode="_none" />
  <language code="pol" name="polsk" TwoLetterISOLangCode="pl" />
  <language code="pon" name="ponape" TwoLetterISOLangCode="_none" />
  <language code="por" name="portugisisk" TwoLetterISOLangCode="pt" />
  <language code="pra" name="prakit languages" TwoLetterISOLangCode="_none" />
  <language code="pro" name="provencalsk (før 1500)" TwoLetterISOLangCode="_none" />
  <language code="pus" name="pashto" TwoLetterISOLangCode="_none" />
  <language code="que" name="kechua" TwoLetterISOLangCode="_none" />
  <language code="raj" name="rajasthani" TwoLetterISOLangCode="_none" />
  <language code="rap" name="rapanui" TwoLetterISOLangCode="_none" />
  <language code="rar" name="rarotongan" TwoLetterISOLangCode="_none" />
  <language code="roa" name="romanske sprog (øvrige)" TwoLetterISOLangCode="_none" />
  <language code="roh" name="rætoromansk" TwoLetterISOLangCode="_none" />
  <language code="rom" name="romani" TwoLetterISOLangCode="_none" />
  <language code="rum" name="rumænsk" TwoLetterISOLangCode="ro" />
  <language code="ron" name="rumænsk" TwoLetterISOLangCode="ro" />
  <language code="run" name="rundi" TwoLetterISOLangCode="_none" />
  <language code="rus" name="russisk" TwoLetterISOLangCode="ru" />
  <language code="sad" name="sandawe" TwoLetterISOLangCode="_none" />
  <language code="sag" name="sango" TwoLetterISOLangCode="_none" />
  <language code="sah" name="yakut" TwoLetterISOLangCode="_none" />
  <language code="sai" name="sydamerikanske indianske sprog (øvrige)" TwoLetterISOLangCode="_none" />
  <language code="sal" name="salishan languages" TwoLetterISOLangCode="_none" />
  <language code="sam" name="samaritansk" TwoLetterISOLangCode="_none" />
  <language code="san" name="sanskrit" TwoLetterISOLangCode="sa" />
  <language code="sas" name="sasak" TwoLetterISOLangCode="_none" />
  <language code="sat" name="santali" TwoLetterISOLangCode="_none" />
  <language code="scc" name="serbisk" TwoLetterISOLangCode="sr" />
  <language code="srp" name="serbisk" TwoLetterISOLangCode="sr" />
  <language code="sco" name="skotsk" TwoLetterISOLangCode="_none" />
  <language code="scr" name="kroatisk" TwoLetterISOLangCode="hr" />
  <language code="hrv" name="kroatisk" TwoLetterISOLangCode="hr" />
  <language code="sel" name="selkupisk" TwoLetterISOLangCode="_none" />
  <language code="sem" name="semitiske sprog (øvrige)" TwoLetterISOLangCode="_none" />
  <language code="sga" name="irsk, Old- (indtil 900)" TwoLetterISOLangCode="_none" />
  <language code="shn" name="shan" TwoLetterISOLangCode="_none" />
  <language code="sid" name="sidamo" TwoLetterISOLangCode="_none" />
  <language code="sin" name="singalesisk" TwoLetterISOLangCode="_none" />
  <language code="sio" name="siouan languages" TwoLetterISOLangCode="_none" />
  <language code="sit" name="sino-tibetanske sprog (øvrige)" TwoLetterISOLangCode="_none" />
  <language code="sla" name="slaviske sprog (øvrige)" TwoLetterISOLangCode="_none" />
  <language code="slo" name="slovakisk" TwoLetterISOLangCode="sk" />
  <language code="slk" name="slovakisk" TwoLetterISOLangCode="sk" />
  <language code="slv" name="slovensk" TwoLetterISOLangCode="sl" />
  <language code="smi" name="sami languages" TwoLetterISOLangCode="_none" />
  <language code="smo" name="samoansk" TwoLetterISOLangCode="_none" />
  <language code="sna" name="shona" TwoLetterISOLangCode="_none" />
  <language code="snd" name="sindhi" TwoLetterISOLangCode="_none" />
  <language code="snk" name="soninke" TwoLetterISOLangCode="_none" />
  <language code="sog" name="sogdiansk" TwoLetterISOLangCode="_none" />
  <language code="som" name="somalisk" TwoLetterISOLangCode="_none" />
  <language code="son" name="songe" TwoLetterISOLangCode="_none" />
  <language code="sot" name="sotho, Syd" TwoLetterISOLangCode="_none" />
  <language code="spa" name="spansk" TwoLetterISOLangCode="es" />
  <language code="srd" name="sardinsk" TwoLetterISOLangCode="_none" />
  <language code="srr" name="serer" TwoLetterISOLangCode="_none" />
  <language code="ssa" name="afrikanske sprog syd for Sahara (øvrige)" TwoLetterISOLangCode="_none" />
  <language code="ssw" name="swati" TwoLetterISOLangCode="_none" />
  <language code="suk" name="sukuma" TwoLetterISOLangCode="_none" />
  <language code="sun" name="sundanesisk" TwoLetterISOLangCode="_none" />
  <language code="sus" name="susu" TwoLetterISOLangCode="_none" />
  <language code="sux" name="sumerisk" TwoLetterISOLangCode="_none" />
  <language code="swa" name="swahili" TwoLetterISOLangCode="sw" />
  <language code="swe" name="svensk" TwoLetterISOLangCode="sv" />
  <language code="syr" name="syrisk" TwoLetterISOLangCode="syr" />
  <language code="tah" name="tahitiansk" TwoLetterISOLangCode="_none" />
  <language code="tai" name="tai (øvrige)" TwoLetterISOLangCode="_none" />
  <language code="tam" name="tamilsk" TwoLetterISOLangCode="ta" />
  <language code="tat" name="tatarisk" TwoLetterISOLangCode="tt" />
  <language code="tel" name="telugu" TwoLetterISOLangCode="te" />
  <language code="tem" name="temne" TwoLetterISOLangCode="_none" />
  <language code="ter" name="tereno" TwoLetterISOLangCode="_none" />
  <language code="tet" name="tetum" TwoLetterISOLangCode="_none" />
  <language code="tgk" name="tajik" TwoLetterISOLangCode="_none" />
  <language code="tgl" name="tagalog" TwoLetterISOLangCode="_none" />
  <language code="tha" name="thai" TwoLetterISOLangCode="th" />
  <language code="tib" name="tibetansk" TwoLetterISOLangCode="_none" />
  <language code="tig" name="tigré" TwoLetterISOLangCode="_none" />
  <language code="tir" name="tigrinja" TwoLetterISOLangCode="_none" />
  <language code="tiv" name="tivi" TwoLetterISOLangCode="_none" />
  <language code="tkl" name="tokelau" TwoLetterISOLangCode="_none" />
  <language code="tli" name="tlingit" TwoLetterISOLangCode="_none" />
  <language code="tmh" name="tamashek" TwoLetterISOLangCode="_none" />
  <language code="tog" name="tonga (Nyasa)" TwoLetterISOLangCode="_none" />
  <language code="ton" name="tonga (Tongaøerne)" TwoLetterISOLangCode="_none" />
  <language code="tpi" name="tok Pisin" TwoLetterISOLangCode="_none" />
  <language code="tsi" name="tsimshisk" TwoLetterISOLangCode="_none" />
  <language code="tsn" name="tswana" TwoLetterISOLangCode="_none" />
  <language code="tso" name="tsonga" TwoLetterISOLangCode="_none" />
  <language code="tuk" name="turkmensk" TwoLetterISOLangCode="_none" />
  <language code="tum" name="tumbuka" TwoLetterISOLangCode="_none" />
  <language code="tur" name="tyrkisk" TwoLetterISOLangCode="tr" />
  <language code="tut" name="tyrkisk-tatariske sprog (øvrige)" TwoLetterISOLangCode="_none" />
  <language code="tvl" name="tuvalu" TwoLetterISOLangCode="_none" />
  <language code="twi" name="twi" TwoLetterISOLangCode="_none" />
  <language code="tyv" name="tuvinian" TwoLetterISOLangCode="_none" />
  <language code="uga" name="ugaritisk" TwoLetterISOLangCode="_none" />
  <language code="uig" name="uigurisk" TwoLetterISOLangCode="_none" />
  <language code="ukr" name="ukrainsk" TwoLetterISOLangCode="uk" />
  <language code="umb" name="umbundu" TwoLetterISOLangCode="_none" />
  <language code="und" name="sproget kan ikke bestemmes" TwoLetterISOLangCode="_none" />
  <language code="urd" name="urdu" TwoLetterISOLangCode="ur" />
  <language code="uzb" name="usbekisk" TwoLetterISOLangCode="uz" />
  <language code="vai" name="vai" TwoLetterISOLangCode="_none" />
  <language code="ven" name="venda" TwoLetterISOLangCode="_none" />
  <language code="vie" name="vietnamesisk" TwoLetterISOLangCode="vi" />
  <language code="vol" name="volapük" TwoLetterISOLangCode="_none" />
  <language code="vot" name="votisk" TwoLetterISOLangCode="_none" />
  <language code="wak" name="wakashan languages" TwoLetterISOLangCode="_none" />
  <language code="wal" name="walamo" TwoLetterISOLangCode="_none" />
  <language code="war" name="waray" TwoLetterISOLangCode="_none" />
  <language code="was" name="washo" TwoLetterISOLangCode="_none" />
  <language code="wel" name="walisisk" TwoLetterISOLangCode="_none" />
  <language code="wen" name="vendiske sprog" TwoLetterISOLangCode="_none" />
  <language code="wol" name="wolof" TwoLetterISOLangCode="_none" />
  <language code="xho" name="xhosa" TwoLetterISOLangCode="_none" />
  <language code="yao" name="yao" TwoLetterISOLangCode="_none" />
  <language code="yap" name="yap" TwoLetterISOLangCode="_none" />
  <language code="yid" name="jiddisch" TwoLetterISOLangCode="_none" />
  <language code="yor" name="yoruba" TwoLetterISOLangCode="_none" />
  <language code="ypk" name="yupik languages" TwoLetterISOLangCode="_none" />
  <language code="zap" name="zapotec" TwoLetterISOLangCode="_none" />
  <language code="zen" name="zenega" TwoLetterISOLangCode="_none" />
  <language code="zha" name="zhuang" TwoLetterISOLangCode="_none" />
  <language code="znd" name="zande" TwoLetterISOLangCode="_none" />
  <language code="zul" name="zulu" TwoLetterISOLangCode="_none" />
  <language code="zun" name="zuni" TwoLetterISOLangCode="_none" />
</languagecodes>