<metanames>
  <metaname>dc:contributor</metaname>
  <metaname>dc:coverage</metaname>
  <metaname>dc:creator</metaname>
  <metaname scheme="YYYY">dc:date</metaname>
  <metaname>dc:description</metaname>
  <metaname>dc:format</metaname>
  <metaname>dc:identifier</metaname>
  <metaname>dc:language</metaname>
  <metaname>dc:publisher</metaname>
  <metaname>dc:relation</metaname>
  <metaname>dc:rights</metaname>
  <metaname  scheme="ISBN">dc:source</metaname>
  <metaname>dc:subject</metaname>
  <metaname>dc:title</metaname>
  <metaname>dc:type</metaname>
  <metaname>prod:AutoBrailleReady</metaname>
  <metaname>prod:publicationType</metaname>
  <metaname>prod:semi-creator</metaname>
  <metaname>prod:alternativeTitle</metaname>
  <metaname>prod:subtitle</metaname>
  <metaname>prod:translator</metaname>
  <metaname>prod:bibliographicIdentifier</metaname>
  <metaname>prod:originalLanguage</metaname>
  <metaname>prod:intermediateLanguage</metaname>
  <metaname>prod:originalLanguageTitle</metaname>
  <metaname>prod:sourcePublisherAddress</metaname>
  <metaname>prod:sourcePublisherInternetAddress</metaname>
  <metaname>prod:sourcePublisherMailToAddress</metaname>
  <metaname>prod:generator</metaname>
  <metaname>prod:autoTOCClasses</metaname>
  <metaname>prod:sourceDate</metaname>
  <metaname>prod:sourceEdition</metaname>
  <metaname>prod:sourcePublisher</metaname>
  <metaname>prod:sourceRights</metaname>
  <metaname>prod:sourceTitle</metaname>
  <metaname>prod:producer</metaname>
  <metaname>prod:producedDate</metaname>
  <metaname>prod:revisionDate</metaname>
  <metaname>prod:colophonAdditionalInfo</metaname>
</metanames>